Transaction_ID,Date,Year,Product_Type,Amount_EUR
TX-2014-54687,2014-02-19,2014,Photo: AR/Prog,178.14
TX-2014-80718,2014-06-15,2014,Blanc: AR/Unif,231.66
TX-2014-38596,2014-02-14,2014,Blanc: AR/Unif,241.37
TX-2014-55789,2014-06-03,2014,Photo: AR/Prog,611.89
TX-2014-83865,2014-09-27,2014,Photo: AR/Prog,685.87
TX-2014-56066,2014-06-14,2014,AR/Prog,147.64
TX-2014-87531,2014-10-17,2014,Photo: AR/Bifo,539.27
TX-2014-48784,2014-10-14,2014,Blanc: AR/Unif,367.82
TX-2014-74223,2014-02-27,2014,Photo: AR/Bifo,492.38
TX-2014-48556,2014-09-24,2014,AR/Prog,313.73
TX-2014-53087,2014-07-08,2014,Photo: AR/Unif,135.99
TX-2014-90516,2014-01-05,2014,Photo: AR/Prog,275.01
TX-2014-55617,2014-11-27,2014,Photo: AR/Unif,180.07
TX-2014-13308,2014-08-09,2014,Photo: AR/Bifo,774.98
TX-2014-87516,2014-09-13,2014,AR/Prog,790.96
TX-2014-68498,2014-07-28,2014,Blanc: AR/Unif,91.64
TX-2014-12246,2014-02-23,2014,Photo: AR/Prog,769.34
TX-2014-93717,2014-12-21,2014,Blanc: AR/Unif,678.68
TX-2014-25715,2014-09-01,2014,AR/Prog,180.27
TX-2014-22396,2014-11-21,2014,Photo: AR/Prog,263.69
TX-2014-96491,2014-11-26,2014,Photo: AR/Prog,380.26
TX-2014-90752,2014-06-02,2014,Photo: AR/Bifo,424.94
TX-2014-84569,2014-06-04,2014,Blanc: AR/Unif,483.36
TX-2014-29909,2014-07-14,2014,Photo: AR/Bifo,241.43
TX-2014-26597,2014-07-02,2014,Blanc: AR/Unif,146.28
TX-2014-82867,2014-11-12,2014,Plan,115.18
TX-2014-81031,2014-02-22,2014,AR/Prog,456.76
TX-2014-67134,2014-07-08,2014,Photo: AR/Unif,164.27
TX-2014-19965,2014-05-17,2014,Photo: AR/Prog,773.21
TX-2014-13919,2014-03-17,2014,Photo: AR/Bifo,161.78
TX-2014-22001,2014-06-03,2014,Plan,597.58
TX-2014-47163,2014-11-22,2014,Photo: AR/Unif,177.53
TX-2014-31814,2014-07-19,2014,Plan,408.92
TX-2014-73407,2014-04-16,2014,AR/Prog,748.03
TX-2014-22615,2014-04-20,2014,AR/Prog,617.97
TX-2014-69742,2014-02-27,2014,Blanc: AR/Unif,396.31
TX-2014-47542,2014-02-08,2014,Blanc: AR/Unif,494.75
TX-2014-42014,2014-02-02,2014,Blanc: AR/Unif,739.45
TX-2014-71302,2014-06-22,2014,Photo: AR/Prog,83.04
TX-2014-55294,2014-12-26,2014,AR/Prog,694.8
TX-2014-93197,2014-08-12,2014,Photo: AR/Unif,778.44
TX-2014-25896,2014-02-23,2014,Plan,298.4
TX-2014-69414,2014-11-03,2014,Photo: AR/Unif,381.9
TX-2014-29539,2014-01-21,2014,AR/Prog,201.59
TX-2014-95994,2014-04-25,2014,Photo: AR/Prog,232.63
TX-2014-31431,2014-04-22,2014,Photo: AR/Unif,488.07
TX-2014-57691,2014-03-11,2014,Blanc: AR/Unif,517.32
TX-2014-90076,2014-08-22,2014,Photo: AR/Unif,592.67
TX-2014-13354,2014-11-15,2014,Blanc: AR/Unif,664.6
TX-2014-74822,2014-01-07,2014,AR/Prog,539.28
TX-2014-82132,2014-03-20,2014,AR/Prog,480.57
TX-2014-43632,2014-08-09,2014,Photo: AR/Bifo,273.64
TX-2014-72881,2014-03-25,2014,AR/Prog,312.11
TX-2014-13167,2014-03-02,2014,Photo: AR/Prog,435.34
TX-2014-77299,2014-07-17,2014,Photo: AR/Unif,467.72
TX-2014-75177,2014-06-07,2014,Blanc: AR/Unif,424.49
TX-2014-20925,2014-08-02,2014,Photo: AR/Prog,237.69
TX-2014-29928,2014-10-08,2014,Photo: AR/Bifo,699.77
TX-2014-87282,2014-07-04,2014,Photo: AR/Bifo,710.21
TX-2014-93756,2014-02-27,2014,Photo: AR/Bifo,666.33
TX-2014-18397,2014-12-05,2014,Photo: AR/Bifo,136.89
TX-2014-40476,2014-08-25,2014,Photo: AR/Prog,667.98
TX-2014-81665,2014-02-02,2014,Photo: AR/Unif,451.98
TX-2014-56111,2014-10-05,2014,Blanc: AR/Unif,763.98
TX-2014-70363,2014-05-07,2014,Photo: AR/Prog,377.69
TX-2014-98587,2014-10-28,2014,Photo: AR/Bifo,702.26
TX-2014-28181,2014-05-23,2014,Plan,353.86
TX-2014-98079,2014-03-22,2014,Plan,587.74
TX-2014-95865,2014-01-25,2014,Photo: AR/Bifo,186.03
TX-2014-41531,2014-02-28,2014,Blanc: AR/Unif,157.53
TX-2014-48505,2014-05-15,2014,Photo: AR/Bifo,417.76
TX-2014-28477,2014-09-20,2014,AR/Prog,209.33
TX-2014-31994,2014-12-22,2014,Photo: AR/Unif,147.66
TX-2014-39396,2014-05-13,2014,Photo: AR/Bifo,588.23
TX-2014-81874,2014-10-13,2014,Photo: AR/Bifo,758.83
TX-2014-68978,2014-05-24,2014,Blanc: AR/Unif,726.46
TX-2014-86177,2014-04-15,2014,AR/Prog,283.64
TX-2014-82953,2014-06-14,2014,Photo: AR/Unif,102.92
TX-2014-88961,2014-04-07,2014,Photo: AR/Prog,292.23
TX-2014-56262,2014-05-25,2014,Photo: AR/Prog,451.75
TX-2014-63880,2014-10-24,2014,Blanc: AR/Unif,451.04
TX-2014-14952,2014-02-25,2014,Photo: AR/Unif,523.54
TX-2014-83107,2014-03-03,2014,Blanc: AR/Unif,126.49
TX-2014-77319,2014-10-20,2014,Photo: AR/Bifo,475.59
TX-2014-96097,2014-02-05,2014,Blanc: AR/Unif,438.09
TX-2014-83707,2014-09-10,2014,Photo: AR/Bifo,724.11
TX-2014-13656,2014-12-01,2014,Photo: AR/Bifo,51.87
TX-2014-28829,2014-03-23,2014,AR/Prog,286.96
TX-2014-20768,2014-08-08,2014,Photo: AR/Prog,525.49
TX-2014-41561,2014-01-21,2014,Blanc: AR/Unif,116.91
TX-2014-39449,2014-04-03,2014,AR/Prog,300.63
TX-2014-15382,2014-07-19,2014,Plan,559.98
TX-2014-57071,2014-09-10,2014,Plan,219.2
TX-2014-72972,2014-04-20,2014,Photo: AR/Bifo,69.43
TX-2014-54734,2014-04-24,2014,AR/Prog,513.42
TX-2014-17744,2014-12-02,2014,Photo: AR/Bifo,508.11
TX-2014-23252,2014-08-12,2014,Plan,383.51
TX-2014-21001,2014-04-09,2014,Photo: AR/Unif,544.03
TX-2014-18705,2014-03-01,2014,Photo: AR/Unif,777.07
TX-2015-31196,2015-04-27,2015,Photo: AR/Unif,165.87
TX-2015-17873,2015-11-12,2015,AR/Prog,355.87
TX-2015-62099,2015-08-26,2015,Photo: AR/Prog,54.6
TX-2015-25213,2015-12-13,2015,AR/Prog,750.74
TX-2015-63608,2015-08-03,2015,Photo: AR/Unif,751.48
TX-2015-12784,2015-03-05,2015,Blanc: AR/Unif,57.14
TX-2015-68597,2015-05-11,2015,Blanc: AR/Unif,716.81
TX-2015-43416,2015-12-16,2015,AR/Prog,246.16
TX-2015-22814,2015-01-11,2015,Plan,611.61
TX-2015-19585,2015-01-16,2015,Photo: AR/Bifo,712.1
TX-2015-92624,2015-12-19,2015,Plan,382.49
TX-2015-81067,2015-08-15,2015,Photo: AR/Prog,582.45
TX-2015-19235,2015-03-04,2015,Photo: AR/Prog,621.76
TX-2015-56726,2015-10-16,2015,Photo: AR/Unif,90.32
TX-2015-61237,2015-08-06,2015,Photo: AR/Prog,577.43
TX-2015-93971,2015-07-16,2015,Plan,642.06
TX-2015-75179,2015-10-18,2015,Photo: AR/Prog,480.09
TX-2015-13226,2015-04-05,2015,Photo: AR/Prog,715.83
TX-2015-93832,2015-09-10,2015,Blanc: AR/Unif,521.85
TX-2015-35398,2015-06-05,2015,AR/Prog,751.37
TX-2015-68145,2015-01-20,2015,AR/Prog,682.0
TX-2015-91824,2015-12-18,2015,AR/Prog,135.83
TX-2015-67716,2015-10-24,2015,AR/Prog,484.84
TX-2015-71426,2015-05-27,2015,Photo: AR/Unif,643.88
TX-2015-63520,2015-08-18,2015,Blanc: AR/Unif,604.61
TX-2015-68087,2015-10-08,2015,Blanc: AR/Unif,107.11
TX-2015-13767,2015-04-21,2015,Plan,351.0
TX-2015-43308,2015-11-27,2015,Photo: AR/Prog,283.24
TX-2015-30982,2015-01-22,2015,Photo: AR/Unif,313.06
TX-2015-69474,2015-10-06,2015,Photo: AR/Unif,275.9
TX-2015-59520,2015-05-15,2015,AR/Prog,751.27
TX-2015-22571,2015-08-19,2015,Photo: AR/Prog,736.64
TX-2015-71740,2015-07-25,2015,Blanc: AR/Unif,351.77
TX-2015-46634,2015-08-22,2015,AR/Prog,446.44
TX-2015-73029,2015-10-09,2015,Photo: AR/Unif,633.21
TX-2015-28601,2015-08-08,2015,Photo: AR/Bifo,593.71
TX-2015-29322,2015-11-21,2015,Plan,496.88
TX-2015-29733,2015-06-15,2015,Plan,430.3
TX-2015-67473,2015-12-14,2015,Blanc: AR/Unif,652.3
TX-2015-89200,2015-07-13,2015,Plan,587.0
TX-2015-90751,2015-08-02,2015,Plan,624.13
TX-2015-38203,2015-08-14,2015,Photo: AR/Prog,139.99
TX-2015-42548,2015-12-09,2015,Photo: AR/Unif,227.41
TX-2015-93111,2015-09-16,2015,AR/Prog,301.63
TX-2015-15079,2015-09-21,2015,Photo: AR/Prog,701.7
TX-2015-65923,2015-11-22,2015,AR/Prog,511.03
TX-2015-92356,2015-07-12,2015,AR/Prog,363.04
TX-2015-85671,2015-11-05,2015,Photo: AR/Unif,493.52
TX-2015-90627,2015-08-28,2015,AR/Prog,598.59
TX-2015-18867,2015-08-08,2015,Plan,590.59
TX-2015-75115,2015-06-05,2015,Photo: AR/Bifo,251.39
TX-2015-80116,2015-12-05,2015,Photo: AR/Unif,559.24
TX-2015-84974,2015-05-04,2015,Photo: AR/Prog,672.58
TX-2015-31320,2015-01-09,2015,Photo: AR/Prog,599.79
TX-2015-58335,2015-03-27,2015,Photo: AR/Unif,130.76
TX-2015-82065,2015-05-25,2015,Photo: AR/Unif,640.55
TX-2015-20334,2015-10-11,2015,Blanc: AR/Unif,104.75
TX-2015-73256,2015-09-02,2015,Photo: AR/Unif,645.35
TX-2015-50291,2015-10-09,2015,AR/Prog,676.71
TX-2015-54724,2015-08-01,2015,Plan,777.71
TX-2015-65125,2015-09-21,2015,Plan,741.77
TX-2015-13593,2015-11-05,2015,Blanc: AR/Unif,147.52
TX-2015-82010,2015-07-11,2015,Photo: AR/Prog,524.53
TX-2015-97597,2015-06-03,2015,Photo: AR/Unif,682.9
TX-2015-83886,2015-09-21,2015,Plan,704.32
TX-2015-60990,2015-03-19,2015,AR/Prog,91.9
TX-2015-16891,2015-01-08,2015,Photo: AR/Unif,587.18
TX-2016-71256,2016-05-08,2016,Photo: AR/Bifo,462.4
TX-2016-19767,2016-10-22,2016,Photo: AR/Prog,781.01
TX-2016-30586,2016-06-10,2016,Photo: AR/Bifo,293.98
TX-2016-24451,2016-02-28,2016,Photo: AR/Prog,606.84
TX-2016-24018,2016-10-25,2016,Photo: AR/Bifo,631.31
TX-2016-19191,2016-08-28,2016,Photo: AR/Unif,625.13
TX-2016-71327,2016-06-20,2016,Blanc: AR/Unif,586.51
TX-2016-10131,2016-08-17,2016,AR/Prog,719.88
TX-2016-41541,2016-11-09,2016,Blanc: AR/Unif,65.47
TX-2016-23285,2016-09-18,2016,Blanc: AR/Unif,162.74
TX-2016-30528,2016-08-14,2016,Plan,230.16
TX-2016-97818,2016-03-04,2016,AR/Prog,606.42
TX-2016-56917,2016-06-26,2016,Photo: AR/Prog,497.53
TX-2016-64905,2016-11-26,2016,AR/Prog,626.3
TX-2016-17996,2016-06-08,2016,Plan,711.55
TX-2016-96452,2016-01-20,2016,Blanc: AR/Unif,794.72
TX-2016-36253,2016-09-05,2016,AR/Prog,627.07
TX-2016-27155,2016-08-13,2016,AR/Prog,173.19
TX-2016-43963,2016-09-22,2016,AR/Prog,599.73
TX-2016-60193,2016-01-04,2016,Photo: AR/Prog,51.72
TX-2016-24475,2016-05-20,2016,Photo: AR/Bifo,70.7
TX-2016-80299,2016-06-08,2016,Photo: AR/Unif,481.42
TX-2016-51342,2016-07-07,2016,Photo: AR/Unif,529.52
TX-2016-92268,2016-08-24,2016,Photo: AR/Bifo,399.46
TX-2016-97166,2016-03-17,2016,AR/Prog,621.85
TX-2016-64209,2016-03-21,2016,Blanc: AR/Unif,689.21
TX-2016-38052,2016-08-04,2016,Photo: AR/Prog,707.5
TX-2016-58463,2016-06-02,2016,AR/Prog,436.62
TX-2016-19048,2016-09-09,2016,Photo: AR/Bifo,786.13
TX-2016-61671,2016-08-20,2016,Photo: AR/Unif,186.13
TX-2016-31762,2016-01-22,2016,AR/Prog,127.42
TX-2016-67702,2016-05-19,2016,AR/Prog,695.15
TX-2016-49419,2016-12-26,2016,AR/Prog,525.15
TX-2016-14368,2016-10-24,2016,Photo: AR/Bifo,445.81
TX-2016-36857,2016-08-18,2016,Plan,86.86
TX-2016-83669,2016-07-27,2016,Photo: AR/Unif,713.61
TX-2016-65810,2016-05-10,2016,Plan,416.3
TX-2016-31639,2016-06-04,2016,Plan,290.27
TX-2016-88743,2016-05-11,2016,AR/Prog,799.55
TX-2016-82012,2016-02-04,2016,Photo: AR/Bifo,576.8
TX-2016-25887,2016-06-07,2016,Photo: AR/Prog,539.64
TX-2016-62781,2016-04-10,2016,AR/Prog,403.42
TX-2016-91689,2016-12-15,2016,Blanc: AR/Unif,507.63
TX-2016-86568,2016-11-26,2016,Photo: AR/Bifo,580.22
TX-2016-25371,2016-12-10,2016,Blanc: AR/Unif,463.98
TX-2016-88103,2016-11-23,2016,Photo: AR/Prog,67.84
TX-2016-68969,2016-05-26,2016,Plan,56.97
TX-2016-81929,2016-10-22,2016,Blanc: AR/Unif,491.86
TX-2016-74480,2016-09-17,2016,AR/Prog,755.45
TX-2016-38510,2016-06-18,2016,Blanc: AR/Unif,370.54
TX-2016-30179,2016-02-17,2016,Plan,461.63
TX-2016-36341,2016-05-14,2016,Plan,147.69
TX-2016-11484,2016-05-08,2016,Photo: AR/Unif,422.01
TX-2016-23014,2016-10-09,2016,Plan,78.28
TX-2016-80475,2016-11-11,2016,Photo: AR/Prog,731.43
TX-2016-98164,2016-10-01,2016,Blanc: AR/Unif,212.39
TX-2016-68895,2016-06-16,2016,Photo: AR/Prog,691.95
TX-2016-14492,2016-08-15,2016,Photo: AR/Prog,328.55
TX-2016-50018,2016-06-19,2016,Photo: AR/Bifo,157.6
TX-2016-72793,2016-08-01,2016,Photo: AR/Unif,128.69
TX-2016-46245,2016-04-07,2016,Photo: AR/Bifo,751.16
TX-2016-90307,2016-10-07,2016,Blanc: AR/Unif,477.03
TX-2016-40459,2016-08-09,2016,Plan,629.86
TX-2016-93331,2016-10-24,2016,Photo: AR/Prog,144.2
TX-2016-58315,2016-11-25,2016,Blanc: AR/Unif,214.53
TX-2016-35553,2016-05-23,2016,Blanc: AR/Unif,295.41
TX-2016-36306,2016-09-08,2016,Photo: AR/Unif,161.74
TX-2016-94148,2016-06-17,2016,Plan,725.83
TX-2016-44380,2016-06-02,2016,Photo: AR/Unif,216.5
TX-2016-88023,2016-07-10,2016,Photo: AR/Unif,537.81
TX-2016-53641,2016-09-05,2016,Photo: AR/Prog,234.31
TX-2016-44992,2016-03-18,2016,Photo: AR/Prog,86.42
TX-2016-54369,2016-07-08,2016,Photo: AR/Unif,51.76
TX-2016-33489,2016-01-03,2016,Photo: AR/Unif,751.73
TX-2016-61537,2016-01-19,2016,Plan,467.22
TX-2016-99171,2016-12-07,2016,Plan,76.59
TX-2016-82458,2016-08-02,2016,Blanc: AR/Unif,306.5
TX-2016-98526,2016-09-04,2016,Blanc: AR/Unif,664.76
TX-2016-92113,2016-04-24,2016,Plan,654.97
TX-2016-34722,2016-07-13,2016,AR/Prog,116.86
TX-2016-71098,2016-03-07,2016,Blanc: AR/Unif,714.46
TX-2016-54068,2016-11-15,2016,AR/Prog,191.81
TX-2016-54507,2016-05-17,2016,Photo: AR/Unif,130.99
TX-2016-59265,2016-05-27,2016,Blanc: AR/Unif,50.23
TX-2016-27620,2016-10-06,2016,Photo: AR/Prog,72.9
TX-2016-52138,2016-01-08,2016,Photo: AR/Prog,630.1
TX-2016-42281,2016-08-19,2016,Blanc: AR/Unif,270.57
TX-2016-62230,2016-05-24,2016,AR/Prog,670.87
TX-2016-28736,2016-12-06,2016,Photo: AR/Bifo,211.19
TX-2016-71091,2016-03-23,2016,Blanc: AR/Unif,410.64
TX-2016-58722,2016-07-20,2016,Photo: AR/Unif,601.67
TX-2016-75114,2016-11-19,2016,Blanc: AR/Unif,701.77
TX-2016-57322,2016-09-27,2016,Photo: AR/Prog,119.81
TX-2016-86196,2016-04-06,2016,Photo: AR/Prog,761.55
TX-2016-16960,2016-01-10,2016,Plan,593.26
TX-2016-39520,2016-07-02,2016,Photo: AR/Prog,558.17
TX-2016-35524,2016-05-04,2016,Photo: AR/Unif,645.42
TX-2016-66971,2016-06-28,2016,Photo: AR/Unif,608.48
TX-2016-86907,2016-06-17,2016,Photo: AR/Bifo,192.95
TX-2017-71411,2017-02-10,2017,Blanc: AR/Unif,575.25
TX-2017-63416,2017-10-28,2017,AR/Prog,614.27
TX-2017-33398,2017-02-14,2017,AR/Prog,122.44
TX-2017-80209,2017-02-10,2017,AR/Prog,138.38
TX-2017-63128,2017-12-19,2017,AR/Prog,357.41
TX-2017-89207,2017-11-13,2017,Plan,349.19
TX-2017-21930,2017-01-21,2017,Photo: AR/Prog,346.75
TX-2017-63125,2017-11-14,2017,Blanc: AR/Unif,158.81
TX-2017-30789,2017-12-01,2017,Photo: AR/Unif,577.04
TX-2017-42259,2017-06-06,2017,AR/Prog,342.84
TX-2017-15816,2017-09-14,2017,Plan,93.35
TX-2017-38790,2017-03-17,2017,AR/Prog,633.52
TX-2017-48457,2017-04-15,2017,Blanc: AR/Unif,709.08
TX-2017-94109,2017-03-26,2017,Photo: AR/Bifo,738.8
TX-2017-91197,2017-05-16,2017,Plan,756.19
TX-2017-95070,2017-08-16,2017,Photo: AR/Bifo,695.61
TX-2017-49145,2017-09-05,2017,Photo: AR/Prog,635.86
TX-2017-35466,2017-10-26,2017,Blanc: AR/Unif,750.11
TX-2017-55301,2017-06-07,2017,AR/Prog,53.73
TX-2017-78152,2017-07-24,2017,Photo: AR/Bifo,173.51
TX-2017-65405,2017-03-06,2017,AR/Prog,437.22
TX-2017-93185,2017-05-08,2017,Photo: AR/Unif,426.88
TX-2017-85238,2017-10-20,2017,Plan,163.98
TX-2017-68716,2017-06-13,2017,Photo: AR/Prog,260.76
TX-2017-27743,2017-12-08,2017,Photo: AR/Prog,521.08
TX-2017-92832,2017-09-03,2017,Plan,721.14
TX-2017-32740,2017-01-09,2017,Blanc: AR/Unif,450.94
TX-2017-74250,2017-02-12,2017,Photo: AR/Bifo,507.6
TX-2017-13373,2017-12-07,2017,Photo: AR/Bifo,397.19
TX-2017-65603,2017-06-01,2017,Photo: AR/Unif,164.35
TX-2017-40543,2017-11-04,2017,Photo: AR/Prog,129.17
TX-2017-89358,2017-02-16,2017,Photo: AR/Prog,621.64
TX-2017-81141,2017-10-14,2017,Blanc: AR/Unif,561.63
TX-2017-89924,2017-07-06,2017,AR/Prog,76.16
TX-2017-26664,2017-07-03,2017,Plan,611.16
TX-2017-63896,2017-02-20,2017,Photo: AR/Bifo,59.12
TX-2017-80270,2017-07-20,2017,Photo: AR/Prog,625.12
TX-2017-29755,2017-02-17,2017,AR/Prog,480.87
TX-2017-66292,2017-01-20,2017,Plan,424.12
TX-2017-79544,2017-02-25,2017,Photo: AR/Prog,92.43
TX-2017-39881,2017-06-28,2017,Blanc: AR/Unif,465.89
TX-2017-26847,2017-04-09,2017,Photo: AR/Bifo,696.14
TX-2017-21775,2017-06-23,2017,Photo: AR/Bifo,344.2
TX-2017-39970,2017-04-11,2017,Photo: AR/Prog,776.76
TX-2017-74758,2017-02-25,2017,Photo: AR/Unif,533.31
TX-2017-76249,2017-02-16,2017,AR/Prog,318.38
TX-2017-12049,2017-11-22,2017,Plan,291.18
TX-2017-55156,2017-09-14,2017,Blanc: AR/Unif,702.43
TX-2017-98337,2017-04-12,2017,Photo: AR/Unif,340.71
TX-2017-44593,2017-11-08,2017,Blanc: AR/Unif,121.81
TX-2017-61594,2017-09-06,2017,Blanc: AR/Unif,598.98
TX-2017-72660,2017-12-01,2017,AR/Prog,123.51
TX-2017-50886,2017-12-26,2017,Photo: AR/Unif,140.75
TX-2017-44964,2017-11-25,2017,Plan,314.28
TX-2017-27952,2017-12-24,2017,Photo: AR/Prog,596.88
TX-2017-59019,2017-05-03,2017,Plan,394.37
TX-2017-95752,2017-12-08,2017,AR/Prog,571.79
TX-2017-63582,2017-03-26,2017,Blanc: AR/Unif,580.87
TX-2017-51773,2017-05-24,2017,Plan,428.81
TX-2017-11487,2017-05-16,2017,Blanc: AR/Unif,693.89
TX-2017-60632,2017-12-09,2017,Photo: AR/Prog,644.52
TX-2017-46080,2017-05-04,2017,Plan,375.39
TX-2017-50102,2017-05-24,2017,Photo: AR/Bifo,175.29
TX-2017-44966,2017-05-28,2017,Blanc: AR/Unif,441.73
TX-2017-69951,2017-05-18,2017,Photo: AR/Unif,78.06
TX-2017-96218,2017-11-27,2017,Photo: AR/Unif,220.45
TX-2017-49568,2017-06-13,2017,AR/Prog,314.11
TX-2017-88588,2017-02-03,2017,Photo: AR/Bifo,70.07
TX-2017-15884,2017-06-02,2017,Blanc: AR/Unif,373.58
TX-2017-48175,2017-11-16,2017,AR/Prog,780.82
TX-2017-67149,2017-06-18,2017,Photo: AR/Bifo,462.71
TX-2017-23428,2017-05-15,2017,Photo: AR/Unif,721.28
TX-2017-70601,2017-04-07,2017,Photo: AR/Unif,726.43
TX-2017-67510,2017-04-24,2017,Blanc: AR/Unif,600.42
TX-2017-35365,2017-09-08,2017,AR/Prog,522.74
TX-2017-10582,2017-02-24,2017,Photo: AR/Unif,563.16
TX-2018-33196,2018-01-01,2018,Plan,331.76
TX-2018-91792,2018-04-03,2018,Plan,425.25
TX-2018-87393,2018-03-25,2018,Plan,209.16
TX-2018-46701,2018-07-24,2018,Blanc: AR/Unif,70.0
TX-2018-33751,2018-06-18,2018,Blanc: AR/Unif,780.07
TX-2018-89402,2018-07-28,2018,Photo: AR/Bifo,127.28
TX-2018-71601,2018-11-11,2018,Plan,707.4
TX-2018-58291,2018-05-08,2018,Photo: AR/Bifo,745.36
TX-2018-29993,2018-11-11,2018,Photo: AR/Bifo,319.77
TX-2018-16213,2018-10-04,2018,AR/Prog,236.91
TX-2018-64770,2018-11-16,2018,Blanc: AR/Unif,170.89
TX-2018-79518,2018-03-21,2018,Photo: AR/Unif,290.74
TX-2018-20757,2018-12-06,2018,Photo: AR/Prog,511.85
TX-2018-26557,2018-08-10,2018,Blanc: AR/Unif,246.25
TX-2018-75630,2018-11-25,2018,Blanc: AR/Unif,615.71
TX-2018-37379,2018-01-05,2018,AR/Prog,489.01
TX-2018-64918,2018-12-13,2018,AR/Prog,553.52
TX-2018-14284,2018-08-04,2018,Photo: AR/Prog,234.93
TX-2018-60183,2018-09-03,2018,Plan,71.76
TX-2018-13893,2018-03-06,2018,Plan,340.97
TX-2018-98664,2018-05-20,2018,Plan,332.34
TX-2018-78040,2018-04-26,2018,Blanc: AR/Unif,285.52
TX-2018-62022,2018-02-25,2018,Photo: AR/Unif,97.71
TX-2018-68093,2018-02-12,2018,AR/Prog,140.71
TX-2018-90943,2018-06-12,2018,Photo: AR/Bifo,229.16
TX-2018-88941,2018-06-25,2018,Blanc: AR/Unif,485.21
TX-2018-23039,2018-01-02,2018,Blanc: AR/Unif,440.18
TX-2018-97705,2018-02-18,2018,Photo: AR/Prog,72.07
TX-2018-37904,2018-08-06,2018,Photo: AR/Bifo,345.86
TX-2018-51167,2018-08-19,2018,AR/Prog,275.26
TX-2018-59674,2018-11-12,2018,Blanc: AR/Unif,75.65
TX-2018-48287,2018-11-17,2018,Photo: AR/Unif,744.26
TX-2018-67240,2018-03-09,2018,Plan,88.1
TX-2018-10524,2018-01-27,2018,AR/Prog,637.97
TX-2018-20405,2018-12-08,2018,Photo: AR/Prog,623.29
TX-2018-95958,2018-05-27,2018,AR/Prog,596.0
TX-2018-81573,2018-03-03,2018,Photo: AR/Prog,396.6
TX-2018-18149,2018-06-11,2018,AR/Prog,636.72
TX-2018-91907,2018-01-13,2018,Photo: AR/Bifo,612.0
TX-2018-18293,2018-04-23,2018,AR/Prog,723.28
TX-2018-68573,2018-06-18,2018,Plan,384.53
TX-2018-55419,2018-06-21,2018,AR/Prog,81.77
TX-2018-96773,2018-02-20,2018,Photo: AR/Bifo,418.56
TX-2018-37112,2018-09-22,2018,AR/Prog,514.72
TX-2018-66540,2018-06-04,2018,Blanc: AR/Unif,206.37
TX-2018-20400,2018-09-26,2018,Blanc: AR/Unif,391.66
TX-2018-41283,2018-10-28,2018,Photo: AR/Prog,321.65
TX-2018-52209,2018-06-19,2018,Photo: AR/Bifo,333.02
TX-2018-15615,2018-03-20,2018,Photo: AR/Prog,593.92
TX-2018-67760,2018-06-27,2018,Photo: AR/Unif,683.39
TX-2018-59421,2018-05-14,2018,Photo: AR/Prog,622.14
TX-2019-83550,2019-09-16,2019,Photo: AR/Prog,132.81
TX-2019-59102,2019-08-22,2019,Plan,158.6
TX-2019-21520,2019-11-14,2019,AR/Prog,772.05
TX-2019-81813,2019-07-12,2019,Blanc: AR/Unif,88.66
TX-2019-14921,2019-11-27,2019,Photo: AR/Unif,665.09
TX-2019-36400,2019-09-15,2019,Photo: AR/Bifo,552.1
TX-2019-15555,2019-05-24,2019,Plan,429.3
TX-2019-36729,2019-01-16,2019,Blanc: AR/Unif,687.1
TX-2019-86740,2019-12-16,2019,Blanc: AR/Unif,196.89
TX-2019-78018,2019-01-02,2019,Photo: AR/Bifo,266.79
TX-2019-60395,2019-09-22,2019,Photo: AR/Prog,171.03
TX-2019-47717,2019-11-12,2019,Plan,793.77
TX-2019-86160,2019-03-11,2019,Photo: AR/Prog,284.18
TX-2019-98907,2019-11-04,2019,Photo: AR/Prog,535.34
TX-2019-51531,2019-02-03,2019,Photo: AR/Prog,304.58
TX-2019-56876,2019-10-05,2019,Plan,401.04
TX-2019-66481,2019-01-11,2019,AR/Prog,111.76
TX-2019-65952,2019-07-13,2019,Blanc: AR/Unif,445.03
TX-2019-96907,2019-04-14,2019,AR/Prog,529.59
TX-2019-64980,2019-05-25,2019,Photo: AR/Prog,369.73
TX-2019-20255,2019-11-04,2019,Photo: AR/Unif,367.67
TX-2019-86961,2019-05-04,2019,AR/Prog,237.56
TX-2019-30606,2019-01-15,2019,Photo: AR/Unif,343.8
TX-2019-85365,2019-02-26,2019,Plan,593.27
TX-2019-57338,2019-07-22,2019,Blanc: AR/Unif,427.19
TX-2019-90765,2019-03-21,2019,AR/Prog,601.8
TX-2019-64143,2019-04-08,2019,Photo: AR/Bifo,84.35
TX-2019-60935,2019-08-26,2019,Blanc: AR/Unif,564.16
TX-2019-99129,2019-03-11,2019,Photo: AR/Prog,754.81
TX-2019-19852,2019-03-10,2019,Photo: AR/Bifo,395.46
TX-2019-16515,2019-08-01,2019,AR/Prog,123.51
TX-2019-87716,2019-03-25,2019,Photo: AR/Unif,228.68
TX-2019-30762,2019-01-22,2019,AR/Prog,429.22
TX-2019-40459,2019-12-08,2019,Photo: AR/Prog,759.64
TX-2019-75790,2019-02-25,2019,Plan,556.67
TX-2019-96472,2019-06-23,2019,AR/Prog,750.46
TX-2019-96608,2019-02-08,2019,AR/Prog,366.91
TX-2019-26572,2019-07-28,2019,Photo: AR/Unif,283.12
TX-2019-27228,2019-10-27,2019,Blanc: AR/Unif,420.32
TX-2019-73720,2019-04-03,2019,Plan,414.7
TX-2019-24349,2019-09-26,2019,Photo: AR/Prog,542.2
TX-2019-26635,2019-03-22,2019,Photo: AR/Bifo,418.43
TX-2019-56210,2019-10-22,2019,Plan,518.18
TX-2019-64315,2019-09-27,2019,Blanc: AR/Unif,632.15
TX-2019-16238,2019-05-12,2019,Photo: AR/Prog,147.11
TX-2019-43302,2019-04-07,2019,AR/Prog,554.93
TX-2019-72534,2019-04-22,2019,Photo: AR/Unif,482.99
TX-2019-42136,2019-08-09,2019,Photo: AR/Bifo,340.7
TX-2019-45885,2019-11-02,2019,Photo: AR/Unif,461.01
TX-2019-11182,2019-03-17,2019,Photo: AR/Prog,299.88
TX-2019-37023,2019-04-20,2019,AR/Prog,147.88
TX-2019-51398,2019-02-25,2019,Photo: AR/Unif,625.9
TX-2019-33904,2019-08-01,2019,AR/Prog,156.7
TX-2019-73805,2019-06-11,2019,Photo: AR/Bifo,409.71
TX-2019-52933,2019-02-22,2019,Plan,493.22
TX-2019-88193,2019-12-19,2019,AR/Prog,643.38
TX-2019-13665,2019-04-14,2019,Photo: AR/Bifo,237.63
TX-2019-72106,2019-08-19,2019,Photo: AR/Prog,688.56
TX-2019-53930,2019-10-20,2019,AR/Prog,210.43
TX-2019-46414,2019-09-11,2019,Photo: AR/Bifo,477.2
TX-2020-33852,2020-01-18,2020,Photo: AR/Bifo,693.36
TX-2020-69761,2020-10-01,2020,AR/Prog,447.59
TX-2020-76752,2020-04-13,2020,Photo: AR/Prog,426.9
TX-2020-24432,2020-02-13,2020,Photo: AR/Bifo,656.91
TX-2020-41118,2020-02-06,2020,Blanc: AR/Unif,376.13
TX-2020-42239,2020-08-22,2020,Photo: AR/Unif,337.97
TX-2020-56066,2020-07-16,2020,Photo: AR/Bifo,201.06
TX-2020-10796,2020-03-05,2020,Photo: AR/Prog,329.39
TX-2020-78138,2020-05-15,2020,Blanc: AR/Unif,475.09
TX-2020-64199,2020-09-05,2020,Plan,375.24
TX-2020-40568,2020-07-07,2020,Photo: AR/Prog,223.46
TX-2020-82837,2020-09-13,2020,Photo: AR/Bifo,758.2
TX-2020-38029,2020-07-16,2020,AR/Prog,468.13
TX-2020-59964,2020-01-08,2020,AR/Prog,242.7
TX-2020-78200,2020-01-06,2020,Photo: AR/Unif,684.03
TX-2020-75815,2020-04-12,2020,Photo: AR/Bifo,609.22
TX-2020-75212,2020-11-08,2020,Photo: AR/Bifo,138.87
TX-2020-46319,2020-03-18,2020,Plan,73.14
TX-2020-31072,2020-04-12,2020,Plan,295.59
TX-2020-11635,2020-03-20,2020,Blanc: AR/Unif,311.29
TX-2020-59632,2020-12-16,2020,Blanc: AR/Unif,376.68
TX-2020-99617,2020-03-15,2020,Photo: AR/Prog,759.43
TX-2020-78930,2020-01-16,2020,Photo: AR/Bifo,338.02
TX-2020-19927,2020-10-24,2020,AR/Prog,775.98
TX-2020-46424,2020-05-08,2020,Photo: AR/Bifo,686.82
TX-2020-43187,2020-07-12,2020,Photo: AR/Prog,416.03
TX-2020-87536,2020-02-16,2020,Plan,190.09
TX-2020-15830,2020-11-05,2020,Photo: AR/Bifo,578.16
TX-2020-65965,2020-05-18,2020,Blanc: AR/Unif,367.19
TX-2020-28856,2020-08-28,2020,Photo: AR/Bifo,228.94
TX-2020-90197,2020-04-01,2020,Blanc: AR/Unif,547.16
TX-2020-90941,2020-04-19,2020,Photo: AR/Bifo,189.73
TX-2020-69152,2020-12-14,2020,Plan,605.02
TX-2020-49171,2020-07-22,2020,Photo: AR/Bifo,135.02
TX-2020-73175,2020-06-21,2020,Photo: AR/Unif,204.44
TX-2020-13732,2020-05-03,2020,AR/Prog,162.16
TX-2020-33485,2020-12-19,2020,Photo: AR/Unif,342.47
TX-2020-55011,2020-09-24,2020,Photo: AR/Prog,504.7
TX-2020-99318,2020-04-22,2020,Photo: AR/Bifo,505.35
TX-2020-74980,2020-06-27,2020,Blanc: AR/Unif,476.52
TX-2020-69454,2020-06-06,2020,AR/Prog,288.23
TX-2020-34283,2020-07-11,2020,Photo: AR/Unif,200.93
TX-2020-32579,2020-07-28,2020,Plan,420.23
TX-2020-59680,2020-04-04,2020,Plan,797.65
TX-2020-94776,2020-05-23,2020,Photo: AR/Bifo,393.98
TX-2020-51091,2020-08-07,2020,Blanc: AR/Unif,786.2
TX-2020-56624,2020-05-24,2020,Photo: AR/Unif,777.76
TX-2020-48267,2020-11-20,2020,AR/Prog,671.02
TX-2020-81547,2020-07-05,2020,AR/Prog,732.08
TX-2020-36529,2020-12-12,2020,Photo: AR/Prog,238.64
TX-2020-96926,2020-11-09,2020,AR/Prog,516.79
TX-2020-71484,2020-06-06,2020,Plan,518.1
TX-2020-99996,2020-10-10,2020,Plan,432.94
TX-2020-50177,2020-08-04,2020,Photo: AR/Bifo,466.64
TX-2020-10376,2020-03-23,2020,Photo: AR/Bifo,609.1
TX-2020-70071,2020-03-15,2020,Blanc: AR/Unif,250.48
TX-2020-44964,2020-01-26,2020,Photo: AR/Prog,777.01
TX-2020-55065,2020-02-04,2020,Plan,536.38
TX-2020-74598,2020-02-10,2020,Blanc: AR/Unif,359.84
TX-2020-28007,2020-06-21,2020,Photo: AR/Unif,487.47
TX-2020-85282,2020-02-13,2020,Blanc: AR/Unif,136.13
TX-2020-22778,2020-08-15,2020,Photo: AR/Unif,412.39
TX-2020-89192,2020-01-18,2020,Photo: AR/Bifo,209.62
TX-2020-56383,2020-03-10,2020,Photo: AR/Bifo,334.61
TX-2020-18444,2020-11-04,2020,Photo: AR/Bifo,784.3
TX-2020-60992,2020-07-25,2020,Photo: AR/Bifo,235.17
TX-2020-47231,2020-01-09,2020,Blanc: AR/Unif,603.53
TX-2020-53808,2020-09-25,2020,AR/Prog,731.89
TX-2020-50270,2020-12-08,2020,Photo: AR/Bifo,175.56
TX-2020-34272,2020-10-14,2020,Photo: AR/Prog,588.61
TX-2020-37173,2020-02-21,2020,Photo: AR/Prog,355.64
TX-2020-92500,2020-10-19,2020,Blanc: AR/Unif,578.36
TX-2020-35156,2020-05-27,2020,Photo: AR/Bifo,488.98
TX-2020-80217,2020-08-27,2020,Plan,576.97
TX-2020-40434,2020-10-14,2020,Photo: AR/Unif,215.0
TX-2020-72499,2020-05-11,2020,Plan,251.78
TX-2020-55827,2020-09-07,2020,Photo: AR/Unif,611.11
TX-2020-91664,2020-08-10,2020,AR/Prog,252.6
TX-2020-81228,2020-10-05,2020,Blanc: AR/Unif,102.82
TX-2021-29072,2021-03-02,2021,Photo: AR/Bifo,684.32
TX-2021-52056,2021-10-26,2021,Photo: AR/Unif,277.47
TX-2021-62225,2021-02-16,2021,Photo: AR/Prog,143.61
TX-2021-78228,2021-02-22,2021,Photo: AR/Prog,418.94
TX-2021-99058,2021-10-12,2021,Photo: AR/Prog,195.07
TX-2021-69964,2021-07-01,2021,AR/Prog,580.11
TX-2021-41768,2021-06-24,2021,Photo: AR/Bifo,456.83
TX-2021-85771,2021-08-02,2021,Photo: AR/Bifo,165.59
TX-2021-96147,2021-11-12,2021,AR/Prog,565.31
TX-2021-61066,2021-08-13,2021,Plan,148.4
TX-2021-50143,2021-11-10,2021,Photo: AR/Bifo,720.26
TX-2021-30371,2021-06-05,2021,Photo: AR/Prog,603.98
TX-2021-14563,2021-04-08,2021,Photo: AR/Bifo,257.98
TX-2021-46369,2021-12-01,2021,Photo: AR/Bifo,229.75
TX-2021-40532,2021-08-18,2021,Photo: AR/Bifo,780.42
TX-2021-66247,2021-01-13,2021,Photo: AR/Unif,442.29
TX-2021-49032,2021-06-26,2021,Photo: AR/Unif,522.91
TX-2021-52617,2021-07-26,2021,Photo: AR/Prog,751.39
TX-2021-14264,2021-01-23,2021,Photo: AR/Unif,610.47
TX-2021-87754,2021-12-03,2021,Blanc: AR/Unif,705.27
TX-2021-37622,2021-12-23,2021,Photo: AR/Unif,362.01
TX-2021-13204,2021-07-01,2021,Blanc: AR/Unif,616.92
TX-2021-21192,2021-04-06,2021,AR/Prog,442.08
TX-2021-19513,2021-03-21,2021,Photo: AR/Bifo,517.18
TX-2021-55967,2021-09-08,2021,Blanc: AR/Unif,448.59
TX-2021-73208,2021-08-24,2021,Photo: AR/Prog,216.11
TX-2021-78114,2021-07-02,2021,Photo: AR/Bifo,666.41
TX-2021-64821,2021-01-09,2021,AR/Prog,740.54
TX-2021-63783,2021-08-02,2021,AR/Prog,617.54
TX-2021-77622,2021-11-21,2021,Photo: AR/Bifo,534.86
TX-2021-81248,2021-05-17,2021,AR/Prog,334.53
TX-2021-46419,2021-02-17,2021,Photo: AR/Unif,109.66
TX-2021-82087,2021-12-05,2021,Plan,243.88
TX-2021-34854,2021-01-11,2021,Plan,392.14
TX-2021-46482,2021-10-07,2021,Plan,726.38
TX-2021-27991,2021-06-14,2021,Photo: AR/Prog,654.46
TX-2021-85806,2021-11-25,2021,Photo: AR/Prog,332.49
TX-2021-64594,2021-06-26,2021,Plan,160.69
TX-2021-87265,2021-08-12,2021,Photo: AR/Prog,782.26
TX-2021-16121,2021-01-26,2021,Photo: AR/Unif,717.82
TX-2021-13999,2021-05-08,2021,Plan,331.64
TX-2021-66576,2021-04-17,2021,Blanc: AR/Unif,541.34
TX-2021-95915,2021-10-21,2021,Photo: AR/Bifo,646.02
TX-2021-23423,2021-07-08,2021,Plan,84.58
TX-2021-47189,2021-06-09,2021,Photo: AR/Prog,533.71
TX-2021-29484,2021-05-27,2021,AR/Prog,357.59
TX-2021-75361,2021-06-04,2021,Photo: AR/Prog,584.58
TX-2021-38872,2021-03-03,2021,Photo: AR/Prog,240.81
TX-2021-77954,2021-12-04,2021,Photo: AR/Unif,681.08
TX-2021-65391,2021-02-28,2021,Blanc: AR/Unif,222.39
TX-2021-20371,2021-07-11,2021,Photo: AR/Prog,516.13
TX-2021-77514,2021-12-19,2021,Plan,626.97
TX-2021-35852,2021-05-21,2021,Photo: AR/Prog,639.88
TX-2021-93356,2021-01-09,2021,Plan,543.63
TX-2021-19524,2021-10-27,2021,Photo: AR/Unif,721.47
TX-2021-70498,2021-11-03,2021,Photo: AR/Unif,339.82
TX-2021-22606,2021-10-16,2021,Blanc: AR/Unif,418.23
TX-2021-57960,2021-02-02,2021,Blanc: AR/Unif,335.45
TX-2021-41589,2021-05-01,2021,Plan,331.55
TX-2021-29265,2021-02-28,2021,Plan,619.52
TX-2021-53779,2021-12-02,2021,Photo: AR/Unif,202.33
TX-2021-40041,2021-08-15,2021,Photo: AR/Prog,685.18
TX-2021-34009,2021-10-09,2021,AR/Prog,405.91
TX-2021-64416,2021-09-01,2021,Photo: AR/Prog,280.42
TX-2021-96910,2021-11-22,2021,Photo: AR/Unif,563.16
TX-2021-67017,2021-08-11,2021,Photo: AR/Bifo,578.35
TX-2021-71577,2021-03-02,2021,AR/Prog,57.3
TX-2021-70421,2021-10-17,2021,Photo: AR/Bifo,148.29
TX-2021-93681,2021-08-14,2021,Photo: AR/Prog,89.98
TX-2021-29245,2021-07-09,2021,Photo: AR/Prog,106.51
TX-2021-40398,2021-09-03,2021,Photo: AR/Prog,674.98
TX-2021-84382,2021-12-11,2021,Photo: AR/Unif,646.33
TX-2021-57216,2021-10-08,2021,Photo: AR/Prog,530.18
TX-2021-22238,2021-12-28,2021,Plan,495.22
TX-2021-88166,2021-06-08,2021,AR/Prog,223.09
TX-2021-64380,2021-01-18,2021,Plan,310.24
TX-2021-22319,2021-11-05,2021,Photo: AR/Prog,764.98
TX-2021-16398,2021-07-14,2021,Photo: AR/Bifo,777.24
TX-2021-65998,2021-10-24,2021,Photo: AR/Bifo,479.94
TX-2021-10515,2021-08-05,2021,Plan,454.85
TX-2021-22187,2021-07-11,2021,Photo: AR/Bifo,678.22
TX-2021-49517,2021-04-21,2021,AR/Prog,741.66
TX-2021-51896,2021-01-08,2021,Plan,600.84
TX-2021-89290,2021-10-28,2021,AR/Prog,406.85
TX-2021-43988,2021-09-16,2021,Photo: AR/Bifo,565.33
TX-2021-49243,2021-12-04,2021,Photo: AR/Prog,732.36
TX-2021-34274,2021-04-21,2021,Plan,754.97
TX-2021-23629,2021-06-21,2021,Photo: AR/Unif,575.55
TX-2021-64541,2021-08-20,2021,Photo: AR/Bifo,279.57
TX-2021-40795,2021-06-19,2021,Photo: AR/Bifo,153.35
TX-2021-51719,2021-09-21,2021,Photo: AR/Unif,479.82
TX-2021-26087,2021-12-03,2021,AR/Prog,443.91
TX-2021-82813,2021-06-15,2021,Blanc: AR/Unif,208.72
TX-2021-26840,2021-10-13,2021,Photo: AR/Unif,487.94
TX-2021-70678,2021-04-20,2021,Photo: AR/Prog,695.64
TX-2021-23136,2021-12-23,2021,AR/Prog,655.31
TX-2021-54656,2021-03-13,2021,AR/Prog,228.73
TX-2021-29884,2021-11-14,2021,AR/Prog,481.67
TX-2021-11962,2021-03-21,2021,Photo: AR/Prog,135.75
TX-2021-10807,2021-09-07,2021,Photo: AR/Bifo,702.02
TX-2021-19459,2021-07-09,2021,Blanc: AR/Unif,688.57
TX-2021-95968,2021-08-06,2021,Blanc: AR/Unif,131.98
TX-2021-63454,2021-12-01,2021,Photo: AR/Unif,290.68
TX-2021-18681,2021-09-08,2021,Photo: AR/Prog,397.54
TX-2021-10432,2021-04-13,2021,Photo: AR/Bifo,496.01
TX-2021-93839,2021-02-27,2021,Photo: AR/Bifo,237.93
TX-2021-98270,2021-08-16,2021,AR/Prog,122.09
TX-2021-89892,2021-01-28,2021,AR/Prog,211.18
TX-2021-37438,2021-04-06,2021,Plan,718.93
TX-2021-33779,2021-08-22,2021,Photo: AR/Unif,214.73
TX-2022-76058,2022-05-24,2022,AR/Prog,586.11
TX-2022-17429,2022-01-10,2022,Blanc: AR/Unif,501.65
TX-2022-68180,2022-04-24,2022,Blanc: AR/Unif,598.19
TX-2022-68477,2022-03-05,2022,Photo: AR/Bifo,596.53
TX-2022-98981,2022-08-25,2022,Plan,546.12
TX-2022-51097,2022-11-01,2022,AR/Prog,69.94
TX-2022-47628,2022-10-10,2022,AR/Prog,560.3
TX-2022-53418,2022-12-28,2022,AR/Prog,634.4
TX-2022-90024,2022-10-11,2022,Photo: AR/Bifo,513.22
TX-2022-32018,2022-11-23,2022,Photo: AR/Bifo,144.13
TX-2022-19775,2022-10-08,2022,Photo: AR/Prog,159.71
TX-2022-29440,2022-10-17,2022,Photo: AR/Prog,202.32
TX-2022-79153,2022-05-12,2022,Photo: AR/Unif,788.21
TX-2022-11292,2022-08-19,2022,Plan,333.75
TX-2022-50885,2022-08-06,2022,Photo: AR/Bifo,297.04
TX-2022-47835,2022-11-21,2022,Blanc: AR/Unif,50.99
TX-2022-42098,2022-04-27,2022,AR/Prog,548.72
TX-2022-80138,2022-09-12,2022,Photo: AR/Unif,87.63
TX-2022-21366,2022-12-07,2022,Blanc: AR/Unif,764.66
TX-2022-56750,2022-05-02,2022,Plan,254.11
TX-2022-86406,2022-01-15,2022,Blanc: AR/Unif,298.85
TX-2022-61040,2022-02-27,2022,Photo: AR/Prog,667.88
TX-2022-28403,2022-10-12,2022,Plan,460.4
TX-2022-40569,2022-12-13,2022,Photo: AR/Unif,667.64
TX-2022-54330,2022-12-03,2022,Photo: AR/Prog,575.89
TX-2022-20240,2022-01-03,2022,Plan,152.91
TX-2022-33846,2022-01-24,2022,Photo: AR/Prog,354.74
TX-2022-18426,2022-03-04,2022,Photo: AR/Bifo,122.93
TX-2022-15076,2022-09-22,2022,Plan,172.7
TX-2022-18860,2022-08-16,2022,Plan,670.73
TX-2022-96559,2022-08-12,2022,Blanc: AR/Unif,463.2
TX-2022-25515,2022-09-23,2022,Photo: AR/Bifo,315.7
TX-2022-37240,2022-06-02,2022,Photo: AR/Prog,336.8
TX-2022-26161,2022-05-13,2022,Blanc: AR/Unif,332.27
TX-2022-36416,2022-09-18,2022,Photo: AR/Prog,442.4
TX-2022-68400,2022-02-11,2022,Photo: AR/Bifo,585.44
TX-2022-73897,2022-03-05,2022,AR/Prog,388.45
TX-2022-42518,2022-01-12,2022,Plan,310.72
TX-2022-86254,2022-06-07,2022,Blanc: AR/Unif,701.65
TX-2022-23254,2022-12-16,2022,Photo: AR/Bifo,52.71
TX-2022-90443,2022-02-04,2022,Photo: AR/Prog,687.77
TX-2022-81608,2022-11-10,2022,AR/Prog,750.3
TX-2022-25971,2022-01-08,2022,Photo: AR/Bifo,250.98
TX-2022-87280,2022-06-06,2022,Photo: AR/Unif,162.16
TX-2022-26810,2022-03-06,2022,Photo: AR/Bifo,72.14
TX-2022-99784,2022-04-20,2022,Photo: AR/Bifo,424.83
TX-2022-62729,2022-10-06,2022,Photo: AR/Unif,445.67
TX-2022-70394,2022-04-18,2022,Blanc: AR/Unif,674.15
TX-2022-49941,2022-05-05,2022,Photo: AR/Prog,68.86
TX-2022-51730,2022-11-17,2022,Photo: AR/Unif,765.77
TX-2022-58469,2022-03-18,2022,Plan,433.01
TX-2022-55629,2022-11-04,2022,Photo: AR/Prog,559.04
TX-2022-69063,2022-07-12,2022,Blanc: AR/Unif,602.43
TX-2022-85085,2022-02-03,2022,Photo: AR/Unif,646.47
TX-2022-49351,2022-05-02,2022,Photo: AR/Prog,303.23
TX-2022-22385,2022-02-02,2022,Photo: AR/Bifo,587.65
TX-2022-16058,2022-11-18,2022,Photo: AR/Unif,447.27
TX-2022-73837,2022-05-21,2022,AR/Prog,82.49
TX-2022-20592,2022-02-24,2022,Photo: AR/Unif,377.99
TX-2022-85133,2022-03-21,2022,Photo: AR/Prog,596.72
TX-2022-94434,2022-03-28,2022,Photo: AR/Prog,726.38
TX-2022-64278,2022-07-01,2022,Plan,588.53
TX-2022-82967,2022-12-11,2022,Photo: AR/Prog,581.0
TX-2022-75268,2022-11-26,2022,Photo: AR/Unif,467.41
TX-2022-17460,2022-06-21,2022,Photo: AR/Bifo,437.01
TX-2022-42648,2022-07-11,2022,AR/Prog,346.95
TX-2022-17713,2022-03-09,2022,Blanc: AR/Unif,723.38
TX-2022-39253,2022-09-04,2022,Photo: AR/Bifo,421.95
TX-2022-70568,2022-04-02,2022,Photo: AR/Bifo,184.93
TX-2022-18096,2022-12-10,2022,Plan,84.55
TX-2022-96914,2022-11-15,2022,Photo: AR/Bifo,327.25
TX-2022-48517,2022-12-01,2022,AR/Prog,336.85
TX-2022-75682,2022-06-26,2022,Plan,415.33
TX-2022-23738,2022-09-14,2022,Photo: AR/Unif,355.55
TX-2022-89751,2022-05-23,2022,AR/Prog,769.27
TX-2022-17434,2022-07-02,2022,Photo: AR/Bifo,414.18
TX-2022-63040,2022-04-17,2022,Photo: AR/Prog,414.65
TX-2022-52276,2022-07-01,2022,Plan,442.39
TX-2022-17750,2022-12-06,2022,AR/Prog,552.18
TX-2022-11593,2022-09-21,2022,Blanc: AR/Unif,599.81
TX-2022-85159,2022-05-11,2022,AR/Prog,442.04
TX-2022-10065,2022-01-08,2022,Photo: AR/Bifo,512.4
TX-2022-18973,2022-11-02,2022,Plan,387.27
TX-2022-36309,2022-07-19,2022,Plan,372.65
TX-2022-27014,2022-05-23,2022,Plan,251.03
TX-2022-89996,2022-08-06,2022,Photo: AR/Bifo,86.87
TX-2022-75877,2022-02-05,2022,Photo: AR/Bifo,744.16
TX-2022-37840,2022-05-03,2022,AR/Prog,606.28
TX-2022-66703,2022-11-26,2022,Plan,540.34
TX-2022-10231,2022-10-12,2022,Photo: AR/Prog,162.42
TX-2022-80038,2022-03-25,2022,Photo: AR/Unif,436.61
TX-2022-22736,2022-12-15,2022,Photo: AR/Prog,212.01
TX-2022-67342,2022-10-11,2022,Photo: AR/Unif,704.68
TX-2022-41297,2022-07-22,2022,Plan,700.33
TX-2022-39350,2022-01-18,2022,Plan,418.19
TX-2022-41211,2022-12-02,2022,Plan,452.28
TX-2022-63346,2022-03-19,2022,Photo: AR/Bifo,683.28
TX-2022-60370,2022-08-21,2022,Plan,712.65
TX-2022-67664,2022-02-20,2022,Photo: AR/Prog,545.35
TX-2022-72620,2022-10-08,2022,Photo: AR/Bifo,345.62
TX-2022-84409,2022-09-04,2022,Photo: AR/Prog,520.94
TX-2022-26164,2022-11-10,2022,AR/Prog,699.4
TX-2022-96742,2022-05-07,2022,Plan,724.22
TX-2022-11516,2022-10-21,2022,AR/Prog,714.53
TX-2022-30575,2022-12-27,2022,AR/Prog,164.12
TX-2022-94360,2022-08-11,2022,AR/Prog,141.32
TX-2022-17271,2022-09-27,2022,Photo: AR/Bifo,626.1
TX-2022-86729,2022-08-21,2022,Plan,372.13
TX-2022-50856,2022-03-01,2022,Plan,472.58
TX-2022-64570,2022-09-05,2022,Photo: AR/Unif,149.61
TX-2022-83823,2022-02-17,2022,Blanc: AR/Unif,316.56
TX-2022-58705,2022-06-19,2022,Photo: AR/Bifo,99.55
TX-2022-41265,2022-04-22,2022,Plan,734.77
TX-2022-65014,2022-11-18,2022,AR/Prog,464.5
TX-2022-83311,2022-07-14,2022,Photo: AR/Unif,515.74
TX-2022-29795,2022-07-27,2022,Blanc: AR/Unif,532.95
TX-2022-13621,2022-06-18,2022,Photo: AR/Unif,114.47
TX-2022-70211,2022-01-16,2022,AR/Prog,145.45
TX-2022-86244,2022-04-04,2022,Plan,657.48
TX-2022-33085,2022-06-25,2022,Photo: AR/Unif,417.8
TX-2023-72635,2023-03-07,2023,Photo: AR/Bifo,243.13
TX-2023-14708,2023-02-08,2023,Plan,63.77
TX-2023-88839,2023-03-22,2023,Blanc: AR/Unif,445.99
TX-2023-43351,2023-08-03,2023,Photo: AR/Prog,221.02
TX-2023-90790,2023-03-13,2023,Plan,265.51
TX-2023-63280,2023-05-28,2023,Photo: AR/Bifo,724.04
TX-2023-84146,2023-11-27,2023,Plan,501.47
TX-2023-89533,2023-01-24,2023,AR/Prog,318.81
TX-2023-55642,2023-08-21,2023,Photo: AR/Unif,81.97
TX-2023-55877,2023-11-03,2023,Photo: AR/Prog,392.95
TX-2023-48351,2023-03-10,2023,Plan,310.19
TX-2023-92384,2023-11-05,2023,Photo: AR/Prog,155.26
TX-2023-60386,2023-11-15,2023,Plan,708.42
TX-2023-23475,2023-09-09,2023,Blanc: AR/Unif,188.8
TX-2023-95925,2023-09-09,2023,Photo: AR/Bifo,224.44
TX-2023-15276,2023-05-01,2023,Photo: AR/Prog,733.83
TX-2023-33966,2023-05-09,2023,Photo: AR/Prog,157.58
TX-2023-62848,2023-07-22,2023,Photo: AR/Prog,121.23
TX-2023-43419,2023-05-19,2023,Blanc: AR/Unif,323.66
TX-2023-51604,2023-12-08,2023,Blanc: AR/Unif,709.34
TX-2023-95696,2023-01-15,2023,Photo: AR/Unif,257.64
TX-2023-17348,2023-12-09,2023,Photo: AR/Unif,492.06
TX-2023-69372,2023-03-18,2023,Blanc: AR/Unif,730.11
TX-2023-71322,2023-10-19,2023,AR/Prog,737.0
TX-2023-38465,2023-12-20,2023,Photo: AR/Unif,589.4
TX-2023-92437,2023-05-18,2023,AR/Prog,81.89
TX-2023-15863,2023-01-17,2023,Plan,678.11
TX-2023-40620,2023-10-07,2023,AR/Prog,462.67
TX-2023-54689,2023-02-16,2023,Photo: AR/Prog,93.84
TX-2023-52249,2023-12-04,2023,Plan,683.72
TX-2023-80568,2023-04-19,2023,AR/Prog,544.17
TX-2023-93741,2023-12-07,2023,AR/Prog,189.78
TX-2023-29247,2023-07-20,2023,AR/Prog,759.32
TX-2023-59401,2023-01-27,2023,Photo: AR/Prog,238.85
TX-2023-71535,2023-04-08,2023,AR/Prog,349.89
TX-2023-69648,2023-11-21,2023,AR/Prog,199.43
TX-2023-24184,2023-02-20,2023,AR/Prog,698.62
TX-2023-57342,2023-07-12,2023,Plan,612.95
TX-2023-63861,2023-10-25,2023,AR/Prog,701.77
TX-2023-71669,2023-05-04,2023,Blanc: AR/Unif,702.47
TX-2023-65398,2023-06-20,2023,AR/Prog,718.97
TX-2023-44655,2023-05-25,2023,Plan,143.6
TX-2023-58126,2023-09-09,2023,Photo: AR/Prog,281.6
TX-2023-20078,2023-05-02,2023,AR/Prog,169.82
TX-2023-27169,2023-10-11,2023,AR/Prog,246.56
TX-2023-74194,2023-11-02,2023,Photo: AR/Bifo,89.26
TX-2023-76169,2023-04-24,2023,Blanc: AR/Unif,361.76
TX-2023-33537,2023-11-06,2023,AR/Prog,568.63
TX-2023-65279,2023-01-11,2023,Blanc: AR/Unif,568.1
TX-2023-30735,2023-12-28,2023,Photo: AR/Prog,164.11
TX-2023-15465,2023-02-15,2023,Plan,166.83
TX-2023-72009,2023-05-19,2023,Plan,384.98
TX-2023-88791,2023-04-18,2023,Photo: AR/Bifo,642.03
TX-2023-62961,2023-05-07,2023,Photo: AR/Prog,521.49
TX-2023-49745,2023-11-16,2023,AR/Prog,110.56
TX-2023-46753,2023-01-12,2023,Photo: AR/Bifo,319.2
TX-2023-14090,2023-08-20,2023,Photo: AR/Bifo,272.41
TX-2023-67245,2023-02-06,2023,Photo: AR/Prog,141.92
TX-2023-94302,2023-01-16,2023,Photo: AR/Unif,384.94
TX-2023-92160,2023-04-11,2023,Plan,692.39
TX-2023-61257,2023-02-01,2023,AR/Prog,574.06
TX-2023-45433,2023-06-18,2023,Photo: AR/Unif,698.35
TX-2023-90451,2023-12-09,2023,AR/Prog,416.7
TX-2023-33134,2023-11-23,2023,Photo: AR/Prog,360.81
TX-2023-44471,2023-02-24,2023,Photo: AR/Bifo,412.44
TX-2023-27566,2023-08-28,2023,Photo: AR/Prog,368.2
TX-2023-78899,2023-03-01,2023,Photo: AR/Prog,251.68
TX-2023-73268,2023-06-12,2023,Photo: AR/Bifo,275.22
TX-2023-45516,2023-08-20,2023,Plan,165.78
TX-2023-64460,2023-07-12,2023,AR/Prog,701.75
TX-2023-51394,2023-07-08,2023,Blanc: AR/Unif,592.82
TX-2023-98263,2023-09-17,2023,Photo: AR/Unif,787.49
TX-2023-71252,2023-11-22,2023,Photo: AR/Prog,309.04
TX-2023-59769,2023-08-25,2023,Plan,199.94
TX-2023-17570,2023-07-09,2023,Photo: AR/Unif,223.07
TX-2023-99484,2023-02-19,2023,Photo: AR/Unif,277.18
TX-2023-22838,2023-06-05,2023,Plan,90.57
TX-2023-96476,2023-05-15,2023,Photo: AR/Prog,571.04
TX-2023-17506,2023-03-23,2023,Blanc: AR/Unif,106.78
TX-2023-59111,2023-12-10,2023,Blanc: AR/Unif,779.73
TX-2023-66640,2023-08-04,2023,Photo: AR/Bifo,694.08
TX-2023-77986,2023-12-12,2023,Photo: AR/Prog,705.15
TX-2023-30950,2023-10-28,2023,Photo: AR/Bifo,282.42
TX-2023-33530,2023-01-13,2023,Photo: AR/Unif,310.06
TX-2023-27734,2023-06-14,2023,Photo: AR/Bifo,64.12
TX-2023-13438,2023-01-07,2023,Blanc: AR/Unif,327.77
TX-2023-18779,2023-10-22,2023,Photo: AR/Unif,212.71
TX-2023-61833,2023-01-07,2023,Plan,296.87
TX-2023-60802,2023-09-18,2023,Blanc: AR/Unif,605.82
TX-2023-43808,2023-09-22,2023,Plan,779.05
TX-2023-87520,2023-04-01,2023,Photo: AR/Bifo,688.45
TX-2023-37283,2023-12-02,2023,Plan,143.9
TX-2023-70723,2023-04-14,2023,AR/Prog,628.81
TX-2023-12746,2023-06-06,2023,Plan,231.09
TX-2023-42714,2023-09-10,2023,Plan,374.39
TX-2023-48079,2023-04-02,2023,AR/Prog,73.97
TX-2023-43053,2023-12-26,2023,Plan,382.83
TX-2023-70726,2023-03-24,2023,Blanc: AR/Unif,676.9
TX-2023-70257,2023-09-07,2023,Photo: AR/Bifo,134.8
TX-2023-30736,2023-12-01,2023,Photo: AR/Prog,620.17
TX-2023-91217,2023-02-18,2023,AR/Prog,533.42
TX-2023-66043,2023-07-23,2023,Blanc: AR/Unif,789.29
TX-2023-63998,2023-08-03,2023,Photo: AR/Prog,140.74
TX-2023-17992,2023-08-11,2023,Photo: AR/Unif,584.5
TX-2023-92245,2023-06-18,2023,Plan,763.11
TX-2023-37049,2023-02-06,2023,Blanc: AR/Unif,79.08
TX-2023-91410,2023-11-28,2023,AR/Prog,378.68
TX-2023-34376,2023-09-13,2023,Photo: AR/Prog,707.52
TX-2023-79515,2023-08-22,2023,Blanc: AR/Unif,673.24
TX-2023-45821,2023-02-02,2023,Blanc: AR/Unif,483.73
TX-2023-73993,2023-09-14,2023,AR/Prog,600.53
TX-2023-20369,2023-10-25,2023,Photo: AR/Unif,718.55
